file,workload,spare_blocks,policy,single_frontier,reserve_whole_blocks,seed,wa,gc_pages_moved,host_writes,gc_invocations,erases,erase_min,erase_max,erase_mean,erase_stddev,trace_hash,verify_ok,sim_host_writes_per_s,halves_drift
results/raw/main/hotcold_s224_fifo_seed1.json,hotcold,224,fifo,False,False,1,2.83282,750723,409600,6400,18130,25,26,25.974,0.16,6a222fe0c24e8f94,True,1200870,0.00018
results/raw/main/hotcold_s224_fifo_seed2.json,hotcold,224,fifo,False,False,2,2.8339,751164,409600,6400,18137,25,26,25.987,0.112,11e8b87d3031bd57,True,1185999,0.00058
results/raw/main/hotcold_s224_fifo_seed3.json,hotcold,224,fifo,False,False,3,2.83695,752414,409600,6400,18156,26,27,26.006,0.076,4d1f16a496fa3eb2,True,1198604,0.00148
results/raw/main/hotcold_s224_fifo_seed4.json,hotcold,224,fifo,False,False,4,2.83523,751710,409600,6400,18145,25,26,25.989,0.103,9a7135579d32e3dc,True,1201666,0.00146
results/raw/main/hotcold_s224_fifo_seed5.json,hotcold,224,fifo,False,False,5,2.83673,752323,409600,6400,18155,25,27,26.001,0.07,2b15422cfaec336b,True,1203941,0.00254
results/raw/main/hotcold_s224_greedy_seed1.json,hotcold,224,greedy,False,False,1,2.6114,660028,409600,6400,16713,8,44,23.461,6.014,6a222fe0c24e8f94,True,1269562,0.00084
results/raw/main/hotcold_s224_greedy_seed2.json,hotcold,224,greedy,False,False,2,2.60534,657549,409600,6400,16674,8,41,23.456,5.67,11e8b87d3031bd57,True,1273090,0.00192
results/raw/main/hotcold_s224_greedy_seed3.json,hotcold,224,greedy,False,False,3,2.61972,663437,409600,6400,16766,8,43,23.536,5.749,4d1f16a496fa3eb2,True,1266868,0.00241
results/raw/main/hotcold_s224_greedy_seed4.json,hotcold,224,greedy,False,False,4,2.60654,658038,409600,6400,16682,8,42,23.459,5.871,9a7135579d32e3dc,True,1265615,0.00067
results/raw/main/hotcold_s224_greedy_seed5.json,hotcold,224,greedy,False,False,5,2.60782,658562,409600,6400,16690,8,43,23.45,5.834,2b15422cfaec336b,True,1249291,0.00099
results/raw/main/hotcold_s72_fifo_seed1.json,hotcold,72,fifo,False,False,1,7.68083,3256396,487424,7616,58497,81,87,84.964,0.996,710eb6e19469fc2b,True,530540,0.00037
results/raw/main/hotcold_s72_fifo_seed2.json,hotcold,72,fifo,False,False,2,7.68067,3256320,487424,7616,58496,79,87,84.966,1.025,8b5dbc2777852cf0,True,538753,0.00063
results/raw/main/hotcold_s72_fifo_seed3.json,hotcold,72,fifo,False,False,3,7.67963,3255812,487424,7616,58488,78,87,84.904,1.101,b1c12864be21381d,True,523115,0.00041
results/raw/main/hotcold_s72_fifo_seed4.json,hotcold,72,fifo,False,False,4,7.67217,3252177,487424,7616,58431,80,87,84.88,1.079,b33f21ec9e2786f0,True,535045,0.00175
results/raw/main/hotcold_s72_fifo_seed5.json,hotcold,72,fifo,False,False,5,7.67281,3252488,487424,7616,58436,79,87,84.947,1.083,134aeaf59b134bae,True,527172,0.00089
results/raw/main/hotcold_s72_greedy_seed1.json,hotcold,72,greedy,False,False,1,6.79517,2824703,487424,7616,51752,33,125,74.882,11.694,710eb6e19469fc2b,True,596801,0.00255
results/raw/main/hotcold_s72_greedy_seed2.json,hotcold,72,greedy,False,False,2,6.79727,2825729,487424,7616,51768,45,110,74.766,11.839,8b5dbc2777852cf0,True,593937,0.00070
results/raw/main/hotcold_s72_greedy_seed3.json,hotcold,72,greedy,False,False,3,6.79124,2822791,487424,7616,51722,41,113,74.81,11.341,b1c12864be21381d,True,593211,0.00039
results/raw/main/hotcold_s72_greedy_seed4.json,hotcold,72,greedy,False,False,4,6.78729,2820863,487424,7616,51692,39,110,74.745,11.347,b33f21ec9e2786f0,True,593157,0.00410
results/raw/main/hotcold_s72_greedy_seed5.json,hotcold,72,greedy,False,False,5,6.79321,2823749,487424,7616,51737,41,109,74.807,11.408,134aeaf59b134bae,True,592107,0.00343
results/raw/main/seq_s224_fifo_seed1.json,seq,224,fifo,False,False,1,1.0,0,409600,6400,6400,9,10,9.157,0.364,cd82451541468325,True,3235413,0.00000
results/raw/main/seq_s224_fifo_seed2.json,seq,224,fifo,False,False,2,1.0,0,409600,6400,6400,9,10,9.157,0.364,cd82451541468325,True,3190255,0.00000
results/raw/main/seq_s224_fifo_seed3.json,seq,224,fifo,False,False,3,1.0,0,409600,6400,6400,9,10,9.157,0.364,cd82451541468325,True,3247366,0.00000
results/raw/main/seq_s224_fifo_seed4.json,seq,224,fifo,False,False,4,1.0,0,409600,6400,6400,9,10,9.157,0.364,cd82451541468325,True,3242815,0.00000
results/raw/main/seq_s224_fifo_seed5.json,seq,224,fifo,False,False,5,1.0,0,409600,6400,6400,9,10,9.157,0.364,cd82451541468325,True,3223293,0.00000
results/raw/main/seq_s224_greedy_seed1.json,seq,224,greedy,False,False,1,1.0,0,409600,6400,6400,9,10,9.157,0.364,cd82451541468325,True,3183486,0.00000
results/raw/main/seq_s224_greedy_seed2.json,seq,224,greedy,False,False,2,1.0,0,409600,6400,6400,9,10,9.157,0.364,cd82451541468325,True,3285210,0.00000
results/raw/main/seq_s224_greedy_seed3.json,seq,224,greedy,False,False,3,1.0,0,409600,6400,6400,9,10,9.157,0.364,cd82451541468325,True,3282262,0.00000
results/raw/main/seq_s224_greedy_seed4.json,seq,224,greedy,False,False,4,1.0,0,409600,6400,6400,9,10,9.157,0.364,cd82451541468325,True,3260004,0.00000
results/raw/main/seq_s224_greedy_seed5.json,seq,224,greedy,False,False,5,1.0,0,409600,6400,6400,9,10,9.157,0.364,cd82451541468325,True,3226620,0.00000
results/raw/main/seq_s72_fifo_seed1.json,seq,72,fifo,False,False,1,1.0,0,487424,7616,7616,11,12,11.087,0.282,94ee1326b01aeb25,True,3255288,0.00000
results/raw/main/seq_s72_fifo_seed2.json,seq,72,fifo,False,False,2,1.0,0,487424,7616,7616,11,12,11.087,0.282,94ee1326b01aeb25,True,3301861,0.00000
results/raw/main/seq_s72_fifo_seed3.json,seq,72,fifo,False,False,3,1.0,0,487424,7616,7616,11,12,11.087,0.282,94ee1326b01aeb25,True,3284838,0.00000
results/raw/main/seq_s72_fifo_seed4.json,seq,72,fifo,False,False,4,1.0,0,487424,7616,7616,11,12,11.087,0.282,94ee1326b01aeb25,True,3276690,0.00000
results/raw/main/seq_s72_fifo_seed5.json,seq,72,fifo,False,False,5,1.0,0,487424,7616,7616,11,12,11.087,0.282,94ee1326b01aeb25,True,3243266,0.00000
results/raw/main/seq_s72_greedy_seed1.json,seq,72,greedy,False,False,1,1.0,0,487424,7616,7616,11,12,11.087,0.282,94ee1326b01aeb25,True,3310765,0.00000
results/raw/main/seq_s72_greedy_seed2.json,seq,72,greedy,False,False,2,1.0,0,487424,7616,7616,11,12,11.087,0.282,94ee1326b01aeb25,True,3277285,0.00000
results/raw/main/seq_s72_greedy_seed3.json,seq,72,greedy,False,False,3,1.0,0,487424,7616,7616,11,12,11.087,0.282,94ee1326b01aeb25,True,3249883,0.00000
results/raw/main/seq_s72_greedy_seed4.json,seq,72,greedy,False,False,4,1.0,0,487424,7616,7616,11,12,11.087,0.282,94ee1326b01aeb25,True,3261212,0.00000
results/raw/main/seq_s72_greedy_seed5.json,seq,72,greedy,False,False,5,1.0,0,487424,7616,7616,11,12,11.087,0.282,94ee1326b01aeb25,True,3258291,0.00000
results/raw/main/uniform_s224_fifo_seed1.json,uniform,224,fifo,False,False,1,2.49412,611993,409600,6400,15962,22,23,22.928,0.259,e115c20c79b838b9,True,1348859,0.00048
results/raw/main/uniform_s224_fifo_seed2.json,uniform,224,fifo,False,False,2,2.49283,611464,409600,6400,15954,22,23,22.924,0.265,61274c93bae7e27d,True,1343180,0.00029
results/raw/main/uniform_s224_fifo_seed3.json,uniform,224,fifo,False,False,3,2.49549,612552,409600,6400,15971,22,23,22.943,0.231,d4037c0113a5bc89,True,1341100,0.00139
results/raw/main/uniform_s224_fifo_seed4.json,uniform,224,fifo,False,False,4,2.49723,613266,409600,6400,15982,22,23,22.949,0.22,6a15f85ae8698c96,True,1347426,0.00123
results/raw/main/uniform_s224_fifo_seed5.json,uniform,224,fifo,False,False,5,2.49792,613550,409600,6400,15987,22,23,22.951,0.216,ad4bb0b0977e88d8,True,1358793,0.00233
results/raw/main/uniform_s224_greedy_seed1.json,uniform,224,greedy,False,False,1,2.41499,579578,409600,6400,15456,19,25,22.16,0.939,e115c20c79b838b9,True,1374432,0.00162
results/raw/main/uniform_s224_greedy_seed2.json,uniform,224,greedy,False,False,2,2.41439,579335,409600,6400,15452,18,25,22.166,0.988,61274c93bae7e27d,True,1366919,0.00099
results/raw/main/uniform_s224_greedy_seed3.json,uniform,224,greedy,False,False,3,2.41628,580110,409600,6400,15464,19,24,22.177,0.915,d4037c0113a5bc89,True,1378345,0.00107
results/raw/main/uniform_s224_greedy_seed4.json,uniform,224,greedy,False,False,4,2.41625,580096,409600,6400,15464,19,26,22.167,0.901,6a15f85ae8698c96,True,1369373,0.00320
results/raw/main/uniform_s224_greedy_seed5.json,uniform,224,greedy,False,False,5,2.41548,579779,409600,6400,15459,19,25,22.173,0.93,ad4bb0b0977e88d8,True,1371399,0.00140
results/raw/main/uniform_s72_fifo_seed1.json,uniform,72,fifo,False,False,1,7.42045,3129479,487424,7616,56514,82,83,82.455,0.498,69d524be0841b06c,True,565444,0.00071
results/raw/main/uniform_s72_fifo_seed2.json,uniform,72,fifo,False,False,2,7.44185,3139912,487424,7616,56677,82,83,82.62,0.485,f4a1aabb95822612,True,565025,0.00137
results/raw/main/uniform_s72_fifo_seed3.json,uniform,72,fifo,False,False,3,7.42331,3130875,487424,7616,56536,82,83,82.428,0.495,ec806af463224cd4,True,561785,0.00114
results/raw/main/uniform_s72_fifo_seed4.json,uniform,72,fifo,False,False,4,7.43331,3135750,487424,7616,56612,82,83,82.545,0.498,f2c12183bfb21f77,True,561151,0.00000
results/raw/main/uniform_s72_fifo_seed5.json,uniform,72,fifo,False,False,5,7.43868,3138369,487424,7616,56653,82,83,82.587,0.492,860a8cf782963bbb,True,556447,0.00251
results/raw/main/uniform_s72_greedy_seed1.json,uniform,72,greedy,False,False,1,6.70956,2782979,487424,7616,51100,67,82,74.41,2.536,69d524be0841b06c,True,616650,0.00000
results/raw/main/uniform_s72_greedy_seed2.json,uniform,72,greedy,False,False,2,6.7185,2787333,487424,7616,51168,68,82,74.552,2.466,f4a1aabb95822612,True,613995,0.00086
results/raw/main/uniform_s72_greedy_seed3.json,uniform,72,greedy,False,False,3,6.7164,2786309,487424,7616,51152,67,83,74.518,2.473,ec806af463224cd4,True,610872,0.00032
results/raw/main/uniform_s72_greedy_seed4.json,uniform,72,greedy,False,False,4,6.71508,2785667,487424,7616,51142,66,82,74.417,2.525,f2c12183bfb21f77,True,612625,0.00000
results/raw/main/uniform_s72_greedy_seed5.json,uniform,72,greedy,False,False,5,6.71625,2786237,487424,7616,51151,68,82,74.474,2.461,860a8cf782963bbb,True,610713,0.00136
results/raw/model/uniform_s128_fifo_single_seed1.json,uniform,128,fifo,True,False,1,4.21175,1473398,458752,30190,30190,43,44,43.852,0.356,853c622fc8c06831,True,897825,0.00120
results/raw/model/uniform_s128_fifo_single_seed2.json,uniform,128,fifo,True,False,2,4.22155,1477893,458752,30260,30260,43,44,43.896,0.306,fe35d3ae9c3da989,True,896058,0.00081
results/raw/model/uniform_s128_fifo_single_seed3.json,uniform,128,fifo,True,False,3,4.215,1474886,458752,30213,30213,43,44,43.874,0.332,8c6d9d6c008a8c37,True,895613,0.00086
results/raw/model/uniform_s128_greedy_single_seed1.json,uniform,128,greedy,True,False,1,3.97727,1365827,458752,28509,28509,37,46,41.308,1.572,853c622fc8c06831,True,913074,0.00230
results/raw/model/uniform_s128_greedy_single_seed2.json,uniform,128,greedy,True,False,2,3.97727,1365829,458752,28509,28509,36,46,41.33,1.503,fe35d3ae9c3da989,True,921620,0.00049
results/raw/model/uniform_s128_greedy_single_seed3.json,uniform,128,greedy,True,False,3,3.98478,1369276,458752,28563,28563,37,47,41.385,1.573,8c6d9d6c008a8c37,True,911327,0.00358
results/raw/model/uniform_s224_fifo_single_seed1.json,uniform,224,fifo,True,False,1,2.49012,610353,409600,15937,15937,22,23,22.894,0.308,e115c20c79b838b9,True,1324456,0.00017
results/raw/model/uniform_s224_fifo_single_seed2.json,uniform,224,fifo,True,False,2,2.48953,610110,409600,15933,15933,22,23,22.893,0.31,61274c93bae7e27d,True,1320213,0.00017
results/raw/model/uniform_s224_fifo_single_seed3.json,uniform,224,fifo,True,False,3,2.49138,610871,409600,15945,15945,22,23,22.908,0.289,d4037c0113a5bc89,True,1314156,0.00090
results/raw/model/uniform_s224_greedy_single_seed1.json,uniform,224,greedy,True,False,1,2.41356,578995,409600,15447,15447,19,25,22.148,0.929,e115c20c79b838b9,True,1325905,0.00060
results/raw/model/uniform_s224_greedy_single_seed2.json,uniform,224,greedy,True,False,2,2.41266,578627,409600,15441,15441,19,26,22.132,0.937,61274c93bae7e27d,True,1320226,0.00071
results/raw/model/uniform_s224_greedy_single_seed3.json,uniform,224,greedy,True,False,3,2.41191,578318,409600,15436,15436,19,25,22.137,0.973,d4037c0113a5bc89,True,1316394,0.00002
results/raw/model/uniform_s40_fifo_single_seed1.json,uniform,40,fifo,True,False,1,13.27083,6182143,503808,104468,104468,151,153,152.613,0.512,bf0fb602a2029a8c,True,325469,0.00008
results/raw/model/uniform_s40_fifo_single_seed2.json,uniform,40,fifo,True,False,2,13.26956,6181504,503808,104458,104458,151,153,152.625,0.528,a62d545ae6511e3f,True,323709,0.00065
results/raw/model/uniform_s40_fifo_single_seed3.json,uniform,40,fifo,True,False,3,13.26144,6177411,503808,104394,104394,151,153,152.546,0.519,87336e61c33d2724,True,324687,0.00011
results/raw/model/uniform_s40_greedy_single_seed1.json,uniform,40,greedy,True,False,1,11.12144,5099262,503808,87548,87548,112,140,127.861,4.162,bf0fb602a2029a8c,True,372721,0.00082
results/raw/model/uniform_s40_greedy_single_seed2.json,uniform,40,greedy,True,False,2,11.13707,5107136,503808,87671,87671,114,145,128.046,4.238,a62d545ae6511e3f,True,371702,0.00089
results/raw/model/uniform_s40_greedy_single_seed3.json,uniform,40,greedy,True,False,3,11.14164,5109441,503808,87707,87707,117,143,128.052,3.995,87336e61c33d2724,True,371282,0.00011
results/raw/model/uniform_s72_fifo_single_seed1.json,uniform,72,fifo,True,False,1,7.37827,3108923,487424,56193,56193,81,82,81.979,0.145,69d524be0841b06c,True,566049,0.00018
results/raw/model/uniform_s72_fifo_single_seed2.json,uniform,72,fifo,True,False,2,7.38669,3113028,487424,56257,56257,82,83,82.039,0.194,f4a1aabb95822612,True,563284,0.00010
results/raw/model/uniform_s72_fifo_single_seed3.json,uniform,72,fifo,True,False,3,7.37828,3108929,487424,56193,56193,81,82,81.926,0.262,ec806af463224cd4,True,563270,0.00075
results/raw/model/uniform_s72_greedy_single_seed1.json,uniform,72,greedy,True,False,1,6.67581,2766528,487424,50843,50843,65,82,73.998,2.504,69d524be0841b06c,True,587838,0.00074
results/raw/model/uniform_s72_greedy_single_seed2.json,uniform,72,greedy,True,False,2,6.6636,2760575,487424,50750,50750,65,81,73.973,2.416,f4a1aabb95822612,True,588017,0.00094
results/raw/model/uniform_s72_greedy_single_seed3.json,uniform,72,greedy,True,False,3,6.68409,2770560,487424,50906,50906,66,82,74.078,2.437,ec806af463224cd4,True,588927,0.00181
results/raw/reserve/hotcold_s72_fifo_block_seed1.json,hotcold,72,fifo,False,True,1,7.67502,3253566,487424,7616,58453,81,87,84.927,1.05,710eb6e19469fc2b,True,492023,0.00166
results/raw/reserve/hotcold_s72_fifo_block_seed2.json,hotcold,72,fifo,False,True,2,7.68435,3258114,487424,7616,58524,80,87,84.985,0.997,8b5dbc2777852cf0,True,502308,0.00013
results/raw/reserve/hotcold_s72_fifo_block_seed3.json,hotcold,72,fifo,False,True,3,7.68106,3256511,487424,7616,58499,81,87,84.959,1.052,b1c12864be21381d,True,506690,0.00169
results/raw/reserve/hotcold_s72_fifo_page_seed1.json,hotcold,72,fifo,False,False,1,7.68083,3256396,487424,7616,58497,81,87,84.964,0.996,710eb6e19469fc2b,True,507634,0.00037
results/raw/reserve/hotcold_s72_fifo_page_seed2.json,hotcold,72,fifo,False,False,2,7.68067,3256320,487424,7616,58496,79,87,84.966,1.025,8b5dbc2777852cf0,True,485972,0.00063
results/raw/reserve/hotcold_s72_fifo_page_seed3.json,hotcold,72,fifo,False,False,3,7.67963,3255812,487424,7616,58488,78,87,84.904,1.101,b1c12864be21381d,True,491564,0.00041
results/raw/reserve/hotcold_s72_greedy_block_seed1.json,hotcold,72,greedy,False,True,1,6.79924,2826689,487424,7616,51783,35,127,74.884,11.592,710eb6e19469fc2b,True,571693,0.00050
results/raw/reserve/hotcold_s72_greedy_block_seed2.json,hotcold,72,greedy,False,True,2,6.80475,2829376,487424,7616,51825,32,120,74.832,11.684,8b5dbc2777852cf0,True,567186,0.00274
results/raw/reserve/hotcold_s72_greedy_block_seed3.json,hotcold,72,greedy,False,True,3,6.80015,2827134,487424,7616,51790,39,111,74.892,11.308,b1c12864be21381d,True,567598,0.00016
results/raw/reserve/hotcold_s72_greedy_page_seed1.json,hotcold,72,greedy,False,False,1,6.79517,2824703,487424,7616,51752,33,125,74.882,11.694,710eb6e19469fc2b,True,571571,0.00255
results/raw/reserve/hotcold_s72_greedy_page_seed2.json,hotcold,72,greedy,False,False,2,6.79727,2825729,487424,7616,51768,45,110,74.766,11.839,8b5dbc2777852cf0,True,571224,0.00070
results/raw/reserve/hotcold_s72_greedy_page_seed3.json,hotcold,72,greedy,False,False,3,6.79124,2822791,487424,7616,51722,41,113,74.81,11.341,b1c12864be21381d,True,571740,0.00039
results/raw/reserve/uniform_s72_fifo_block_seed1.json,uniform,72,fifo,False,True,1,7.42176,3130121,487424,7616,56524,82,83,82.473,0.499,69d524be0841b06c,True,538487,0.00106
results/raw/reserve/uniform_s72_fifo_block_seed2.json,uniform,72,fifo,False,True,2,7.44353,3140729,487424,7616,56690,82,83,82.646,0.478,f4a1aabb95822612,True,549041,0.00155
results/raw/reserve/uniform_s72_fifo_block_seed3.json,uniform,72,fifo,False,True,3,7.42528,3131835,487424,7616,56551,81,83,82.445,0.499,ec806af463224cd4,True,538489,0.00089
results/raw/reserve/uniform_s72_fifo_page_seed1.json,uniform,72,fifo,False,False,1,7.42045,3129479,487424,7616,56514,82,83,82.455,0.498,69d524be0841b06c,True,532144,0.00071
results/raw/reserve/uniform_s72_fifo_page_seed2.json,uniform,72,fifo,False,False,2,7.44185,3139912,487424,7616,56677,82,83,82.62,0.485,f4a1aabb95822612,True,536780,0.00137
results/raw/reserve/uniform_s72_fifo_page_seed3.json,uniform,72,fifo,False,False,3,7.42331,3130875,487424,7616,56536,82,83,82.428,0.495,ec806af463224cd4,True,534445,0.00114
results/raw/reserve/uniform_s72_greedy_block_seed1.json,uniform,72,greedy,False,True,1,6.71377,2785030,487424,7616,51132,67,85,74.452,2.54,69d524be0841b06c,True,583408,0.00062
results/raw/reserve/uniform_s72_greedy_block_seed2.json,uniform,72,greedy,False,True,2,6.72071,2788410,487424,7616,51185,67,83,74.492,2.473,f4a1aabb95822612,True,582633,0.00277
results/raw/reserve/uniform_s72_greedy_block_seed3.json,uniform,72,greedy,False,True,3,6.72202,2789051,487424,7616,51195,66,82,74.535,2.46,ec806af463224cd4,True,582857,0.00011
results/raw/reserve/uniform_s72_greedy_page_seed1.json,uniform,72,greedy,False,False,1,6.70956,2782979,487424,7616,51100,67,82,74.41,2.536,69d524be0841b06c,True,584503,0.00000
results/raw/reserve/uniform_s72_greedy_page_seed2.json,uniform,72,greedy,False,False,2,6.7185,2787333,487424,7616,51168,68,82,74.552,2.466,f4a1aabb95822612,True,581335,0.00086
results/raw/reserve/uniform_s72_greedy_page_seed3.json,uniform,72,greedy,False,False,3,6.7164,2786309,487424,7616,51152,67,83,74.518,2.473,ec806af463224cd4,True,582429,0.00032
results/raw/long/hotcold_s72_fifo_seed1.json,hotcold,72,fifo,False,False,1,7.66095,16233531,2437120,38009,291658,277,289,284.822,1.729,725b39409ef1dade,True,506575,0.01736
results/raw/long/hotcold_s72_greedy_seed1.json,hotcold,72,greedy,False,False,1,6.77077,14064064,2437120,38009,257760,182,338,251.719,20.916,725b39409ef1dade,True,570250,0.01388
results/raw/long/uniform_s72_fifo_seed1.json,uniform,72,fifo,False,False,1,7.41604,15636669,2437120,38009,282332,275,276,275.715,0.451,ce6b34e845f5eac2,True,531259,0.01524
results/raw/long/uniform_s72_greedy_seed1.json,uniform,72,greedy,False,False,1,6.70493,13903611,2437120,38009,255253,235,265,249.271,4.569,ce6b34e845f5eac2,True,576724,0.01583
